<?xml version="1.0" encoding="UTF-8"?>
<FileZilla3 version="3.39.0" platform="*nix">
	<Servers>
		<Server>
			<Host>apkinsworldwide.com</Host>
			<Port>21</Port>
			<Protocol>6</Protocol>
			<Type>0</Type>
			<User>aakash@propertycubbs.io</User>
			<Pass encoding="base64">YWFrYXNoMTIzQA==</Pass>
			<Logontype>1</Logontype>
			<TimezoneOffset>0</TimezoneOffset>
			<PasvMode>MODE_DEFAULT</PasvMode>
			<MaximumMultipleConnections>0</MaximumMultipleConnections>
			<EncodingType>Auto</EncodingType>
			<BypassProxy>0</BypassProxy>
			<Name>ftp.apkinsworldwide.com</Name>
			<Comments>aakash123@</Comments>
			<Colour>0</Colour>
			<LocalDir />
			<RemoteDir />
			<SyncBrowsing>0</SyncBrowsing>
			<DirectoryComparison>0</DirectoryComparison>
		</Server>
	</Servers>
</FileZilla3>
